scope,date,query_count
centre,2026-05-08,27
centre,2026-05-09,0
centre,2026-05-10,0
centre,2026-05-11,0
centre,2026-05-12,0
centre,2026-05-13,0
centre,2026-05-14,0
centre,2026-05-15,0
centre,2026-05-16,0
centre,2026-05-17,1
centre,2026-05-18,27
centre,2026-05-19,8
bracket,2026-04-16,2
bracket,2026-04-17,0
bracket,2026-04-18,0
bracket,2026-04-19,0
bracket,2026-04-20,0
bracket,2026-04-21,0
bracket,2026-04-22,0
bracket,2026-04-23,0
bracket,2026-04-24,2
bracket,2026-04-25,0
bracket,2026-04-26,4
bracket,2026-04-27,20
bracket,2026-04-28,0
bracket,2026-04-29,0
bracket,2026-04-30,0
bracket,2026-05-01,0
bracket,2026-05-02,0
bracket,2026-05-03,5
bracket,2026-05-04,13
bracket,2026-05-05,3
bracket,2026-05-06,4
bracket,2026-05-07,24
bracket,2026-05-08,0
bracket,2026-05-09,0
bracket,2026-05-10,0
bracket,2026-05-11,42
bracket,2026-05-12,6
bracket,2026-05-13,26
