scope,timestamp_utc,tool,coarse_target,session
centre,2026-05-08T11:54:37.701Z,WebFetch,WebFetch:www.encodeclub.com,15beb448
centre,2026-05-08T11:54:38.476Z,WebSearch,WebSearch,15beb448
centre,2026-05-08T11:54:39.306Z,WebSearch,WebSearch,15beb448
centre,2026-05-08T11:54:39.701Z,WebSearch,WebSearch,15beb448
centre,2026-05-08T11:55:09.773Z,WebSearch,WebSearch,15beb448
centre,2026-05-08T11:55:12.048Z,WebFetch,WebFetch:dorahacks.io,15beb448
centre,2026-05-08T11:55:12.804Z,WebSearch,WebSearch,15beb448
centre,2026-05-08T11:55:13.664Z,WebSearch,WebSearch,15beb448
centre,2026-05-08T11:55:32.690Z,WebFetch,WebFetch:ethglobal.com,15beb448
centre,2026-05-08T11:55:35.419Z,WebFetch,WebFetch:www.encodeclub.com,15beb448
centre,2026-05-08T11:55:36.571Z,WebSearch,WebSearch,15beb448
centre,2026-05-08T11:55:38.449Z,WebFetch,WebFetch:agentdeadlines.com,15beb448
centre,2026-05-08T11:57:28.997Z,WebSearch,WebSearch,15beb448
centre,2026-05-08T11:57:31.705Z,WebFetch,WebFetch:dorahacks.io,15beb448
centre,2026-05-08T11:57:32.193Z,WebSearch,WebSearch,15beb448
centre,2026-05-08T11:58:55.333Z,WebFetch,WebFetch:atrium.academy,15beb448
centre,2026-05-08T11:58:56.073Z,WebSearch,WebSearch,15beb448
centre,2026-05-08T11:59:25.264Z,WebFetch,WebFetch:www.encodeclub.com,15beb448
centre,2026-05-08T12:05:18.272Z,WebSearch,WebSearch,15beb448
centre,2026-05-08T12:05:19.307Z,WebSearch,WebSearch,15beb448
centre,2026-05-08T12:05:21.082Z,WebFetch,WebFetch:atrium.academy,15beb448
centre,2026-05-08T12:07:23.226Z,WebSearch,WebSearch,15beb448
centre,2026-05-08T12:07:23.997Z,WebSearch,WebSearch,15beb448
centre,2026-05-08T12:07:24.248Z,WebSearch,WebSearch,15beb448
centre,2026-05-08T12:08:33.556Z,WebSearch,WebSearch,15beb448
centre,2026-05-08T12:08:33.875Z,WebSearch,WebSearch,15beb448
centre,2026-05-08T12:13:45.387Z,Bash,curl:www.encodeclub.com,15beb448
centre,2026-05-17T12:34:29.729Z,Bash,curl:raw.githubusercontent.com,3da79a9c
centre,2026-05-18T15:51:15.995Z,Bash,curl:microdatos.dane.gov.co,3da79a9c
centre,2026-05-18T15:51:24.126Z,Bash,curl:microdatos.dane.gov.co,3da79a9c
centre,2026-05-18T15:51:36.875Z,Bash,curl:microdatos.dane.gov.co,3da79a9c
centre,2026-05-18T21:55:03.323Z,WebSearch,WebSearch,a2cad089
centre,2026-05-18T21:55:04.385Z,WebSearch,WebSearch,a2cad089
centre,2026-05-18T21:55:05.442Z,WebSearch,WebSearch,a2cad089
centre,2026-05-18T21:55:06.507Z,WebSearch,WebSearch,a2cad089
centre,2026-05-18T21:55:07.029Z,WebSearch,WebSearch,a2cad089
centre,2026-05-18T21:55:08.088Z,WebSearch,WebSearch,a2cad089
centre,2026-05-18T21:55:10.191Z,mcp__arxiv__search_papers,mcp__arxiv__search_papers,a2cad089
centre,2026-05-18T21:55:11.281Z,mcp__arxiv__search_papers,mcp__arxiv__search_papers,a2cad089
centre,2026-05-18T21:55:46.145Z,WebFetch,WebFetch:wiiw.ac.at,a2cad089
centre,2026-05-18T21:55:49.975Z,WebFetch,WebFetch:www.semanticscholar.org,a2cad089
centre,2026-05-18T21:55:51.023Z,WebSearch,WebSearch,a2cad089
centre,2026-05-18T21:55:52.624Z,WebSearch,WebSearch,a2cad089
centre,2026-05-18T21:55:53.144Z,WebSearch,WebSearch,a2cad089
centre,2026-05-18T21:55:54.746Z,WebSearch,WebSearch,a2cad089
centre,2026-05-18T21:55:56.314Z,mcp__arxiv__search_papers,mcp__arxiv__search_papers,a2cad089
centre,2026-05-18T21:55:57.465Z,mcp__arxiv__search_papers,mcp__arxiv__search_papers,a2cad089
centre,2026-05-18T22:52:25.339Z,WebFetch,WebFetch:x.com,3da79a9c
centre,2026-05-18T22:52:38.767Z,WebFetch,WebFetch:nitter.net,3da79a9c
centre,2026-05-18T22:52:52.102Z,Bash,curl:nitter.privacydev.net,3da79a9c
centre,2026-05-18T22:53:02.415Z,Bash,curl:nitter.poast.org,3da79a9c
centre,2026-05-18T22:53:14.398Z,WebFetch,WebFetch:www.celopg.eco,3da79a9c
centre,2026-05-18T22:53:26.568Z,WebFetch,WebFetch:blog.refidao.com,3da79a9c
centre,2026-05-18T22:53:44.186Z,WebFetch,WebFetch:subsidios.reficolombia.org,3da79a9c
centre,2026-05-18T23:28:32.062Z,WebFetch,WebFetch:arxiv.org,3da79a9c
centre,2026-05-19T12:46:06.780Z,WebFetch,WebFetch:bittensor.com,5cded56d
centre,2026-05-19T12:46:07.492Z,WebSearch,WebSearch,5cded56d
centre,2026-05-19T12:46:25.080Z,WebFetch,WebFetch:matthewkaras.medium.com,5cded56d
centre,2026-05-19T12:46:26.013Z,WebSearch,WebSearch,5cded56d
centre,2026-05-19T12:46:26.231Z,WebSearch,WebSearch,5cded56d
centre,2026-05-19T19:49:32.699Z,WebSearch,WebSearch,5cded56d
centre,2026-05-19T19:49:33.572Z,WebSearch,WebSearch,5cded56d
centre,2026-05-19T19:49:33.816Z,WebSearch,WebSearch,5cded56d
bracket,2026-04-16T17:03:20.701Z,Bash,curl:www.datos.gov.co,7b0cb94b
bracket,2026-04-16T17:03:44.287Z,Bash,curl:www.datos.gov.co,7b0cb94b
bracket,2026-04-24T11:11:41.979Z,mcp__dune__searchTablesByContractAddress,mcp__dune__searchTablesByContractAddress,7b0cb94b
bracket,2026-04-24T11:11:43.023Z,mcp__dune__searchTables,mcp__dune__searchTables,7b0cb94b
bracket,2026-04-26T22:32:10.722Z,mcp__dune__searchTablesByContractAddress,mcp__dune__searchTablesByContractAddress,7b0cb94b
bracket,2026-04-26T22:32:12.686Z,WebFetch,WebFetch:celoscan.io,7b0cb94b
bracket,2026-04-26T22:32:39.245Z,mcp__dune__executeQueryById,mcp__dune__executeQueryById,7b0cb94b
bracket,2026-04-26T22:32:44.369Z,mcp__dune__getExecutionResults,mcp__dune__getExecutionResults,7b0cb94b
bracket,2026-04-27T12:49:12.894Z,mcp__dune__searchTablesByContractAddress,mcp__dune__searchTablesByContractAddress,7b0cb94b
bracket,2026-04-27T12:49:13.263Z,mcp__dune__searchTablesByContractAddress,mcp__dune__searchTablesByContractAddress,7b0cb94b
bracket,2026-04-27T12:49:57.283Z,mcp__dune__executeQueryById,mcp__dune__executeQueryById,7b0cb94b
bracket,2026-04-27T12:50:05.155Z,mcp__dune__getExecutionResults,mcp__dune__getExecutionResults,7b0cb94b
bracket,2026-04-27T12:51:07.168Z,mcp__dune__executeQueryById,mcp__dune__executeQueryById,7b0cb94b
bracket,2026-04-27T12:51:18.177Z,mcp__dune__getExecutionResults,mcp__dune__getExecutionResults,7b0cb94b
bracket,2026-04-27T12:52:01.196Z,mcp__dune__executeQueryById,mcp__dune__executeQueryById,7b0cb94b
bracket,2026-04-27T12:52:09.643Z,mcp__dune__getExecutionResults,mcp__dune__getExecutionResults,7b0cb94b
bracket,2026-04-27T12:52:36.399Z,mcp__dune__executeQueryById,mcp__dune__executeQueryById,7b0cb94b
bracket,2026-04-27T12:52:36.767Z,mcp__dune__executeQueryById,mcp__dune__executeQueryById,7b0cb94b
bracket,2026-04-27T12:52:53.811Z,mcp__dune__getExecutionResults,mcp__dune__getExecutionResults,7b0cb94b
bracket,2026-04-27T12:52:54.828Z,mcp__dune__getExecutionResults,mcp__dune__getExecutionResults,7b0cb94b
bracket,2026-04-27T12:53:28.458Z,mcp__dune__searchTablesByContractAddress,mcp__dune__searchTablesByContractAddress,7b0cb94b
bracket,2026-04-27T12:58:27.545Z,WebFetch,WebFetch:docs.mento.org,7b0cb94b
bracket,2026-04-27T12:58:28.766Z,WebFetch,WebFetch:docs.mento.org,7b0cb94b
bracket,2026-04-27T13:04:09.337Z,mcp__dune__searchTablesByContractAddress,mcp__dune__searchTablesByContractAddress,7b0cb94b
bracket,2026-04-27T13:04:10.138Z,mcp__dune__searchTablesByContractAddress,mcp__dune__searchTablesByContractAddress,7b0cb94b
bracket,2026-04-27T13:04:10.911Z,mcp__dune__searchTablesByContractAddress,mcp__dune__searchTablesByContractAddress,7b0cb94b
bracket,2026-04-27T13:05:17.599Z,mcp__dune__executeQueryById,mcp__dune__executeQueryById,7b0cb94b
bracket,2026-04-27T13:05:24.188Z,mcp__dune__getExecutionResults,mcp__dune__getExecutionResults,7b0cb94b
bracket,2026-05-03T23:43:39.842Z,Bash,curl:celoscan.io,d1cfac41
bracket,2026-05-03T23:43:55.043Z,Bash,curl:forno.celo.org,d1cfac41
bracket,2026-05-03T23:44:10.740Z,Bash,curl:forno.celo.org,d1cfac41
bracket,2026-05-03T23:44:27.521Z,Bash,curl:forno.celo.org,d1cfac41
bracket,2026-05-03T23:45:00.630Z,Bash,curl:forno.celo.org,d1cfac41
bracket,2026-05-04T12:40:10.329Z,Bash,curl:forno.celo.org,d1cfac41
bracket,2026-05-04T23:50:15.047Z,WebFetch,WebFetch:mcpmarket.com,d1cfac41
bracket,2026-05-04T23:50:39.626Z,mcp__github__search_repositories,mcp__github__search_repositories,d1cfac41
bracket,2026-05-04T23:50:53.813Z,WebFetch,WebFetch:mcpmarket.com,d1cfac41
bracket,2026-05-04T23:50:53.994Z,mcp__github__search_repositories,mcp__github__search_repositories,d1cfac41
bracket,2026-05-04T23:50:54.054Z,mcp__github__search_repositories,mcp__github__search_repositories,d1cfac41
bracket,2026-05-04T23:51:17.526Z,mcp__github__get_file_contents,mcp__github__get_file_contents,d1cfac41
bracket,2026-05-04T23:51:17.923Z,mcp__github__get_file_contents,mcp__github__get_file_contents,d1cfac41
bracket,2026-05-04T23:51:19.854Z,WebFetch,WebFetch:mcpmarket.com,d1cfac41
bracket,2026-05-04T23:51:38.157Z,Bash,curl:mcpmarket.com,d1cfac41
bracket,2026-05-04T23:51:41.902Z,Bash,curl:mcpmarket.com,d1cfac41
bracket,2026-05-04T23:55:41.204Z,mcp__github__get_file_contents,mcp__github__get_file_contents,d1cfac41
bracket,2026-05-04T23:55:41.644Z,mcp__github__search_code,mcp__github__search_code,d1cfac41
bracket,2026-05-05T11:56:44.093Z,mcp__github__search_repositories,mcp__github__search_repositories,d1cfac41
bracket,2026-05-05T11:56:44.413Z,mcp__github__search_repositories,mcp__github__search_repositories,d1cfac41
bracket,2026-05-05T11:56:57.245Z,mcp__github__get_file_contents,mcp__github__get_file_contents,d1cfac41
bracket,2026-05-06T14:44:01.130Z,Bash,curl:content.scirp.org,9bbc494f
bracket,2026-05-06T14:44:02.374Z,Bash,curl:hal.science,9bbc494f
bracket,2026-05-06T14:44:03.637Z,Bash,curl:content.scirp.org,9bbc494f
bracket,2026-05-06T16:19:40.166Z,Bash,curl:media.licdn.com,9bbc494f
bracket,2026-05-07T03:22:59.684Z,WebSearch,WebSearch,9bbc494f
bracket,2026-05-07T03:23:00.445Z,WebSearch,WebSearch,9bbc494f
bracket,2026-05-07T03:23:01.197Z,WebSearch,WebSearch,9bbc494f
bracket,2026-05-07T03:23:01.653Z,WebSearch,WebSearch,9bbc494f
bracket,2026-05-07T03:23:01.970Z,WebSearch,WebSearch,9bbc494f
bracket,2026-05-07T03:23:03.102Z,WebSearch,WebSearch,9bbc494f
bracket,2026-05-07T03:23:03.974Z,WebSearch,WebSearch,9bbc494f
bracket,2026-05-07T03:23:04.322Z,WebSearch,WebSearch,9bbc494f
bracket,2026-05-07T03:23:05.093Z,WebSearch,WebSearch,9bbc494f
bracket,2026-05-07T03:23:05.871Z,WebSearch,WebSearch,9bbc494f
bracket,2026-05-07T03:23:06.628Z,WebSearch,WebSearch,9bbc494f
bracket,2026-05-07T03:23:06.971Z,WebSearch,WebSearch,9bbc494f
bracket,2026-05-07T03:23:44.932Z,WebSearch,WebSearch,9bbc494f
bracket,2026-05-07T03:23:44.976Z,WebSearch,WebSearch,9bbc494f
bracket,2026-05-07T03:23:45.078Z,WebSearch,WebSearch,9bbc494f
bracket,2026-05-07T03:23:45.137Z,WebSearch,WebSearch,9bbc494f
bracket,2026-05-07T03:23:45.196Z,WebSearch,WebSearch,9bbc494f
bracket,2026-05-07T03:23:45.253Z,WebSearch,WebSearch,9bbc494f
bracket,2026-05-07T03:23:45.386Z,WebSearch,WebSearch,9bbc494f
bracket,2026-05-07T03:23:46.608Z,WebSearch,WebSearch,9bbc494f
bracket,2026-05-07T03:23:47.001Z,WebSearch,WebSearch,9bbc494f
bracket,2026-05-07T03:23:47.773Z,WebSearch,WebSearch,9bbc494f
bracket,2026-05-07T03:23:48.530Z,WebSearch,WebSearch,9bbc494f
bracket,2026-05-07T03:23:49.296Z,WebSearch,WebSearch,9bbc494f
bracket,2026-05-11T14:24:21.594Z,Bash,curl:127.0.0.1:9999?input_file=,2064fd88
bracket,2026-05-11T14:30:03.734Z,Bash,curl:127.0.0.1:9998?input_file=,2064fd88
bracket,2026-05-11T15:28:25.490Z,Bash,curl:localhost:8888,2064fd88
bracket,2026-05-11T15:35:20.045Z,Bash,curl:localhost:8888,2064fd88
bracket,2026-05-11T15:36:47.715Z,Bash,curl:localhost:8888,2064fd88
bracket,2026-05-11T15:38:44.453Z,Bash,curl:localhost:8888,2064fd88
bracket,2026-05-11T15:43:31.604Z,Bash,curl:localhost:8888,2064fd88
bracket,2026-05-11T15:44:02.147Z,mcp__github__search_repositories,mcp__github__search_repositories,5252ca69
bracket,2026-05-11T15:44:02.147Z,mcp__github__search_repositories,mcp__github__search_repositories,9253ad77
bracket,2026-05-11T15:44:02.535Z,mcp__github__get_file_contents,mcp__github__get_file_contents,5252ca69
bracket,2026-05-11T15:44:02.535Z,mcp__github__get_file_contents,mcp__github__get_file_contents,9253ad77
bracket,2026-05-11T15:44:02.969Z,mcp__github__get_file_contents,mcp__github__get_file_contents,5252ca69
bracket,2026-05-11T15:44:02.969Z,mcp__github__get_file_contents,mcp__github__get_file_contents,9253ad77
bracket,2026-05-11T15:44:03.194Z,Bash,curl:localhost:8888,2064fd88
bracket,2026-05-11T15:44:14.914Z,mcp__github__get_file_contents,mcp__github__get_file_contents,5252ca69
bracket,2026-05-11T15:44:14.914Z,mcp__github__get_file_contents,mcp__github__get_file_contents,9253ad77
bracket,2026-05-11T15:44:15.715Z,mcp__github__get_file_contents,mcp__github__get_file_contents,5252ca69
bracket,2026-05-11T15:44:15.715Z,mcp__github__get_file_contents,mcp__github__get_file_contents,9253ad77
bracket,2026-05-11T15:44:16.177Z,mcp__github__get_file_contents,mcp__github__get_file_contents,5252ca69
bracket,2026-05-11T15:44:16.177Z,mcp__github__get_file_contents,mcp__github__get_file_contents,9253ad77
bracket,2026-05-11T19:01:17.193Z,WebFetch,WebFetch:github.com,5252ca69
bracket,2026-05-11T19:01:17.193Z,WebFetch,WebFetch:github.com,9253ad77
bracket,2026-05-11T19:01:22.126Z,WebFetch,WebFetch:panoptic.xyz,5252ca69
bracket,2026-05-11T19:01:22.126Z,WebFetch,WebFetch:panoptic.xyz,9253ad77
bracket,2026-05-11T19:01:51.007Z,Bash,curl:avatars.githubusercontent.com,5252ca69
bracket,2026-05-11T19:01:51.007Z,Bash,curl:avatars.githubusercontent.com,9253ad77
bracket,2026-05-11T20:27:25.061Z,mcp__github__search_repositories,mcp__github__search_repositories,43b0ee4f
bracket,2026-05-11T20:27:25.896Z,mcp__github__search_repositories,mcp__github__search_repositories,43b0ee4f
bracket,2026-05-11T20:27:26.253Z,mcp__github__search_repositories,mcp__github__search_repositories,43b0ee4f
bracket,2026-05-11T20:27:26.636Z,mcp__github__search_repositories,mcp__github__search_repositories,43b0ee4f
bracket,2026-05-11T20:27:27.401Z,mcp__github__search_repositories,mcp__github__search_repositories,43b0ee4f
bracket,2026-05-11T20:27:27.639Z,WebSearch,WebSearch,43b0ee4f
bracket,2026-05-11T20:27:57.200Z,WebFetch,WebFetch:github.com,43b0ee4f
bracket,2026-05-11T20:27:58.148Z,WebFetch,WebFetch:github.com,43b0ee4f
bracket,2026-05-11T20:27:59.240Z,WebFetch,WebFetch:github.com,43b0ee4f
bracket,2026-05-11T20:28:00.496Z,WebFetch,WebFetch:github.com,43b0ee4f
bracket,2026-05-11T20:28:01.252Z,mcp__github__search_repositories,mcp__github__search_repositories,43b0ee4f
bracket,2026-05-11T20:28:01.564Z,WebSearch,WebSearch,43b0ee4f
bracket,2026-05-11T20:34:19.140Z,mcp__github__search_repositories,mcp__github__search_repositories,43b0ee4f
bracket,2026-05-11T20:34:19.544Z,mcp__github__search_repositories,mcp__github__search_repositories,43b0ee4f
bracket,2026-05-11T23:01:34.006Z,Bash,curl:localhost:3000,5252ca69
bracket,2026-05-11T23:01:34.006Z,Bash,curl:localhost:3000,9253ad77
bracket,2026-05-12T11:33:15.886Z,WebFetch,WebFetch:www.encodeclub.com,43b0ee4f
bracket,2026-05-12T16:54:16.824Z,Bash,curl:d2p-frontend-b6hv8ndkd-jmsbpps-projects.vercel.app,9253ad77
bracket,2026-05-12T16:54:32.047Z,Bash,curl:d2p-frontend-b6hv8ndkd-jmsbpps-projects.vercel.app,9253ad77
bracket,2026-05-12T17:09:13.668Z,Bash,curl:d2pfinance.xyz,9253ad77
bracket,2026-05-12T17:09:29.174Z,Bash,curl:www.d2pfinance.xyz,9253ad77
bracket,2026-05-12T17:10:23.828Z,WebFetch,WebFetch:www.encodeclub.com,43b0ee4f
bracket,2026-05-13T11:27:16.803Z,Bash,curl:www.d2pfinance.xyz,9253ad77
bracket,2026-05-13T11:27:26.090Z,Bash,curl:www.d2pfinance.xyz$u,9253ad77
bracket,2026-05-13T11:27:37.290Z,Bash,curl:www.d2pfinance.xyz,9253ad77
bracket,2026-05-13T11:30:56.045Z,Bash,curl:d2p-frontend-jcmvtd2g8-jmsbpps-projects.vercel.app,9253ad77
bracket,2026-05-13T11:31:10.897Z,Bash,curl:www.d2pfinance.xyz,9253ad77
bracket,2026-05-13T11:31:31.248Z,Bash,curl:www.d2pfinance.xyz,9253ad77
bracket,2026-05-13T11:32:04.236Z,Bash,curl:www.d2pfinance.xyz,9253ad77
bracket,2026-05-13T11:34:29.837Z,Bash,curl:www.d2pfinance.xyz$u,9253ad77
bracket,2026-05-13T11:35:36.970Z,Bash,curl:localhost:3033,9253ad77
bracket,2026-05-13T11:36:28.333Z,Bash,curl:localhost:3033$u,9253ad77
bracket,2026-05-13T11:37:06.989Z,Bash,curl:localhost:3033$u,9253ad77
bracket,2026-05-13T11:38:32.258Z,Bash,curl:localhost:3033,9253ad77
bracket,2026-05-13T11:41:00.863Z,Bash,curl:localhost:3033$u,9253ad77
bracket,2026-05-13T11:41:15.065Z,Bash,curl:localhost:3033,9253ad77
bracket,2026-05-13T11:41:27.527Z,Bash,curl:localhost:3034,9253ad77
bracket,2026-05-13T11:41:40.043Z,Bash,curl:localhost:3035,9253ad77
bracket,2026-05-13T11:41:57.430Z,Bash,curl:localhost:3036$u,9253ad77
bracket,2026-05-13T11:42:35.016Z,Bash,curl:localhost:3037,9253ad77
bracket,2026-05-13T11:57:24.723Z,Bash,curl:localhost:3041$u,9253ad77
bracket,2026-05-13T11:59:10.412Z,Bash,curl:localhost:3042$u,9253ad77
bracket,2026-05-13T12:00:50.842Z,Bash,curl:www.d2pfinance.xyz$u,9253ad77
bracket,2026-05-13T12:17:38.295Z,Bash,curl:localhost:3043,9253ad77
bracket,2026-05-13T12:19:09.092Z,Bash,curl:localhost:3044$u,9253ad77
bracket,2026-05-13T12:19:27.438Z,Bash,curl:localhost:3045$u,9253ad77
bracket,2026-05-13T12:19:46.566Z,Bash,curl:localhost:3046,9253ad77
bracket,2026-05-13T12:34:04.219Z,Bash,curl:localhost:3047,9253ad77
